"1","1FQ6","BR","'1234567891234","WTDB*T'1234567891234/PQ","UNABLE TO PROCESS-TKT NBR NOT FOUND-0874                                        "
"2","1FQ6","BR","'1234567891234","WTDB*T'1234567891234/PQ","UNABLE TO PROCESS-TKT NBR NOT FOUND-0874                                        "
"3","1FQ6","BR","'1234567891234","WTDB*T'1234567891234/PQ","UNABLE TO PROCESS-TKT NBR NOT FOUND-0874                                        "
"4","1FQ6","CX","'1234567891234","WTDB*T'1234567891234/PQ","UNABLE TO PROCESS-TKT NBR NOT FOUND-0874                                        "
"5","1FQ6","CX","'1234567891234","WTDB*T'1234567891234/PQ","UNABLE TO PROCESS-TKT NBR NOT FOUND-0874                                        "
"6","1FQ6","CX","'1234567891234","WTDB*T'1234567891234/PQ","UNABLE TO PROCESS-TKT NBR NOT FOUND-0874                                        "
"7","1FQ6","CX","'1234567891234","WTDB*T'1234567891234/PQ","UNABLE TO PROCESS-TKT NBR NOT FOUND-0874                                        "
"8","1FQ6","CX","'1234567891234","WTDB*T'1234567891234/PQ","UNABLE TO PROCESS-TKT NBR NOT FOUND-0874                                        "
"9","1FQ6","CX","'1234567891234","WTDB*T'1234567891234/PQ","UNABLE TO PROCESS-TKT NBR NOT FOUND-0874                                        "
"10","1FQ6","CX","'1234567891234","WTDB*T'1234567891234/PQ","UNABLE TO PROCESS-TKT NBR NOT FOUND-0874                                        "
"11","1FQ6","CX","'1234567891234","WTDB*T'1234567891234/PQ","UNABLE TO PROCESS-TKT NBR NOT FOUND-0874                                        "
"12","1FQ6","CX","'1234567891234","WTDB*T'1234567891234/PQ","UNABLE TO PROCESS-TKT NBR NOT FOUND-0874                                        "
"13","1FQ6","CX","'1234567891234","WTDB*T'1234567891234/PQ","UNABLE TO PROCESS-TKT NBR NOT FOUND-0874                                        "
"14","1FQ6","CX","'1234567891234","WTDB*T'1234567891234/PQ","UNABLE TO PROCESS-TKT NBR NOT FOUND-0874                                        "
"15","1FQ6","CX","'1234567891234","WTDB*T'1234567891234/PQ","UNABLE TO PROCESS-TKT NBR NOT FOUND-0874                                        "
"16","1FQ6","CX","'1234567891234","WTDB*T'1234567891234/PQ","UNABLE TO PROCESS-TKT NBR NOT FOUND-0874                                        "
"17","1FQ6","CX","'1234567891234","WTDB*T'1234567891234/PQ","UNABLE TO PROCESS-TKT NBR NOT FOUND-0874                                        "
"18","1FQ6","DL","'1234567891234","WTDB*T'1234567891234/PQ","UNABLE TO PROCESS-TKT NBR NOT FOUND-0874                                        "
"19","1FQ6","DL","'1234567891234","WTDB*T'1234567891234/PQ","UNABLE TO PROCESS-TKT NBR NOT FOUND-0874                                        "
"20","1FQ6","DL","'1234567891234","WTDB*T'1234567891234/PQ","UNABLE TO PROCESS-TKT NBR NOT FOUND-0874                                        "
"21","1FQ6","JL","'1234567891234","WTDB*T'1234567891234/PQ","UNABLE TO PROCESS-TKT NBR NOT FOUND-0874                                        "
"22","1FQ6","JL","'1234567891234","WTDB*T'1234567891234/PQ","UNABLE TO PROCESS-TKT NBR NOT FOUND-0874                                        "
"23","1FQ6","JL","'1234567891234","WTDB*T'1234567891234/PQ","UNABLE TO PROCESS-TKT NBR NOT FOUND-0874                                        "
"24","1FQ6","JL","'1234567891234","WTDB*T'1234567891234/PQ","UNABLE TO PROCESS-TKT NBR NOT FOUND-0874                                        "
"25","1FQ6","JL","'1234567891234","WTDB*T'1234567891234/PQ","UNABLE TO PROCESS-TKT NBR NOT FOUND-0874                                        "
"26","1FQ6","NH","'1234567891234","WTDB*T'1234567891234/PQ","UNABLE TO PROCESS-TKT NBR NOT FOUND-0874                                        "
"27","1FQ6","NH","'1234567891234","WTDB*T'1234567891234/PQ","UNABLE TO PROCESS-TKT NBR NOT FOUND-0874                                        "
"28","1FQ6","NH","'1234567891234","WTDB*T'1234567891234/PQ","UNABLE TO PROCESS-TKT NBR NOT FOUND-0874                                        "
"29","1FQ6","NH","'1234567891234","WTDB*T'1234567891234/PQ","UNABLE TO PROCESS-TKT NBR NOT FOUND-0874                                        "
"30","1FQ6","NH","'1234567891234","WTDB*T'1234567891234/PQ","UNABLE TO PROCESS-TKT NBR NOT FOUND-0874                                        "
